{
    "version": "0.01",
    "vseMetadata": {
        "cameraSettings": {
            "position": {
                "x": -185.189590454102,
                "y": 115,
                "z": 561.710205078125
            },
            "rotation": {
                "x": 90,
                "y": 89.9999084472656,
                "z": 0
            }
        }
    },
    "map": {
        "id": "5d272540-f689-4355-83c7-03bf11b6865f",
        "name": "SanFrancisco",
        "parameterType": "map"
    },
    "agents": [
        {
            "id": "73805704-1e46-4eb6-b5f9-ec2244d5951e",
            "uid": "31c0b22d-c56a-417c-afe3-78f8502a3280",
            "variant": "Lincoln2017MKZ",
            "type": 1,
            "parameterType": "vehicle",
            "transform": {
                "position": {
                    "x": -189.83805847168,
                    "y": 10.2076635360718,
                    "z": 507.875854492188
                },
                "rotation": {
                    "x": -4.44081342720892E-06,
                    "y": 359.909271240234,
                    "z": 1.19270804594085E-15
                }
            },
            "sensorsConfigurationId": "22656c7b-104b-4e6a-9c70-9955b6582220",
            "destinationPoint": {
                "position": {
                    "x": -110.706985473633,
                    "y": 10.2076635360718,
                    "z": 556.779846191406
                },
                "rotation": {
                    "x": -8.56546821317861E-13,
                    "y": 91.3937072753906,
                    "z": -5.86202635911859E-13
                }
            }
        },
        {
            "uid": "46e4ded2-0ebd-4646-a2c5-2b82bd084924",
            "variant": "BoxTruck",
            "type": 2,
            "parameterType": "",
            "transform": {
                "position": {
                    "x": -197.826690673828,
                    "y": 10.2076644897461,
                    "z": 595.357543945313
                },
                "rotation": {
                    "x": 3.81084123546316E-06,
                    "y": 180.000122070313,
                    "z": 0
                }
            },
            "behaviour": {
                "name": "NPCWaypointBehaviour",
                "parameters": {
                    "isLaneChange": false,
                    "maxSpeed": 0
                }
            },
            "color": {
                "r": 0.943396210670471,
                "g": 0.943396210670471,
                "b": 0.943396210670471
            },
            "waypoints": [
                {
                    "ordinalNumber": 0,
                    "position": {
                        "x": -197.76432800293,
                        "y": 10.2076635360718,
                        "z": 425.153717041016
                    },
                    "angle": {
                        "x": 3.81084123546316E-06,
                        "y": 180.000122070313,
                        "z": 0
                    },
                    "waitTime": 0,
                    "speed": 6,
                    "trigger": {
                        "effectors": []
                    }
                }
            ]
        },
        {
            "uid": "b5826d2b-3a32-4ed3-a609-68f5c9567565",
            "variant": "Hatchback",
            "type": 2,
            "parameterType": "",
            "transform": {
                "position": {
                    "x": -193.786315917969,
                    "y": 10.2076635360718,
                    "z": 509.739959716797
                },
                "rotation": {
                    "x": 0,
                    "y": 0.0615139789879322,
                    "z": 0
                }
            },
            "behaviour": {
                "name": "NPCLaneFollowBehaviour",
                "parameters": {
                    "isLaneChange": false,
                    "maxSpeed": 0
                }
            },
            "color": {
                "r": 0.00240299617871642,
                "g": 0.18620178103447,
                "b": 0.50943398475647
            },
            "waypoints": [
                {
                    "ordinalNumber": 0,
                    "position": {
                        "x": -189.865310668945,
                        "y": 10.2076644897461,
                        "z": 525.102844238281
                    },
                    "angle": {
                        "x": 4.26699534727959E-06,
                        "y": 359.909484863281,
                        "z": -3.97569339823689E-16
                    },
                    "waitTime": 0,
                    "speed": 6,
                    "trigger": {
                        "effectors": []
                    }
                },
                {
                    "ordinalNumber": 1,
                    "position": {
                        "x": -189.885543823242,
                        "y": 10.2076635360718,
                        "z": 537.908447265625
                    },
                    "angle": {
                        "x": 7.11759503246867E-06,
                        "y": 358.362396240234,
                        "z": -1.2722218874358E-14
                    },
                    "waitTime": 0,
                    "speed": 6,
                    "trigger": {
                        "effectors": []
                    }
                },
                {
                    "ordinalNumber": 2,
                    "position": {
                        "x": -190.324325561523,
                        "y": 10.2076616287231,
                        "z": 553.256103515625
                    },
                    "angle": {
                        "x": -1.14166468847543E-05,
                        "y": 28.0149726867676,
                        "z": 2.03555474884674E-13
                    },
                    "waitTime": 0,
                    "speed": 6,
                    "trigger": {
                        "effectors": []
                    }
                },
                {
                    "ordinalNumber": 3,
                    "position": {
                        "x": -185.828216552734,
                        "y": 10.2076635360718,
                        "z": 561.706726074219
                    },
                    "angle": {
                        "x": 0,
                        "y": 97.2059020996094,
                        "z": 0
                    },
                    "waitTime": 0,
                    "speed": 6,
                    "trigger": {
                        "effectors": []
                    }
                },
                {
                    "ordinalNumber": 4,
                    "position": {
                        "x": -168.649322509766,
                        "y": 10.2076635360718,
                        "z": 559.534729003906
                    },
                    "angle": {
                        "x": 0,
                        "y": 82.910270690918,
                        "z": 0
                    },
                    "waitTime": 0,
                    "speed": 6,
                    "trigger": {
                        "effectors": []
                    }
                },
                {
                    "ordinalNumber": 5,
                    "position": {
                        "x": -149.474731445313,
                        "y": 10.2076635360718,
                        "z": 561.919555664063
                    },
                    "angle": {
                        "x": -5.32108231254824E-07,
                        "y": 91.2634658813477,
                        "z": 2.54444377487161E-14
                    },
                    "waitTime": 0,
                    "speed": 6,
                    "trigger": {
                        "effectors": []
                    }
                },
                {
                    "ordinalNumber": 6,